epoch,accuracy,learning_rate,loss,val_accuracy,val_loss
0,0.4803967773914337,9.999999747378752e-05,0.7918121218681335,0.522522509098053,0.797050416469574
1,0.4997638165950775,9.999999747378752e-05,0.7325241565704346,0.5202702879905701,0.7163556814193726
2,0.5077940225601196,9.999999747378752e-05,0.7234768867492676,0.5247747898101807,0.731677234172821
3,0.5068492889404297,9.999999747378752e-05,0.7127382755279541,0.5405405163764954,0.7342509627342224
4,0.502597987651825,9.999999747378752e-05,0.7080740928649902,0.5315315127372742,0.7344502806663513
5,0.5158242583274841,1.9999999494757503e-05,0.6987969279289246,0.5360360145568848,0.7244095802307129
6,0.5096834897994995,1.9999999494757503e-05,0.7036259174346924,0.542792797088623,0.7063918709754944
